"Sample","Glikoliz","TCA_Dongusu","Lipid_Sentezi","Nukleotit","Cancer"
"TCGA-IB-A6UG-01A",3.80018032368094,3.67576081164381,3.58336511276349,3.4184952311413,"PAAD"
"TCGA-3A-A9IU-01A",3.93289169390133,3.69367988731147,3.58200158445105,3.41330607383509,"PAAD"
"TCGA-FB-A545-01A",3.8266319487744,3.5851077726968,3.46637326350358,3.35634017694305,"PAAD"
"TCGA-IB-AAUQ-01A",3.84616085758717,3.63789078624495,3.54842677078218,3.37434705199717,"PAAD"
"TCGA-HV-A5A3-01A",3.81911744159437,3.59583846085378,3.40784331135508,3.3320356449926,"PAAD"
"TCGA-IB-7897-01A",3.7661622364348,3.70603824231641,3.82269036839728,3.45932713516385,"PAAD"
"TCGA-HV-AA8V-01A",3.85050050551282,3.67810894755718,3.63162880322661,3.43498781794813,"PAAD"
"TCGA-HV-A5A5-01A",3.77993706498229,3.66982984008181,3.60031551962379,3.39808138945972,"PAAD"
"TCGA-HZ-8638-01A",3.8848426496004,3.8131553861381,3.67704250928473,3.59769912618765,"PAAD"
"TCGA-F2-7276-01A",3.81075423543289,3.75047772929122,3.76202830586558,3.44040738549989,"PAAD"
"TCGA-F2-6880-01A",3.49368133787288,3.56743367092491,3.5245523091199,3.08889517674041,"PAAD"
"TCGA-M8-A5N4-01A",3.86530197811692,3.62285538823954,3.57826118813001,3.38052230435586,"PAAD"
"TCGA-3A-A9IJ-01A",3.62217507473971,3.69978940558738,3.63410257510988,3.29714901229877,"PAAD"
"TCGA-HZ-8637-01A",3.82202278088948,3.80423366556334,3.70196689058064,3.54632125750435,"PAAD"
"TCGA-IB-AAUN-01A",3.83814488267815,3.65011930484526,3.59627500244371,3.49502670854672,"PAAD"
"TCGA-IB-AAUW-01A",3.79735835015918,3.72246600532141,3.71334155094673,3.44247911113005,"PAAD"
"TCGA-IB-7888-01A",3.7624159812637,3.68681848066359,3.64905951577969,3.41018748353952,"PAAD"
"TCGA-2L-AAQA-01A",3.9246951318396,3.71705029710085,3.68734460107463,3.55947352288451,"PAAD"
"TCGA-RB-A7B8-01A",3.81946487113952,3.65290508164702,3.56577939568217,3.40416810857625,"PAAD"
"TCGA-2L-AAQM-01A",3.91444605224721,3.64979916509125,3.59548465699964,3.21258682630025,"PAAD"
"TCGA-2J-AABE-01A",3.80212948717514,3.65531788410147,3.60912037902704,3.36692494122192,"PAAD"
"TCGA-IB-7889-01A",3.80752969861774,3.74548122976454,3.63684135986447,3.43367136490598,"PAAD"
"TCGA-IB-A6UF-01A",3.9077711668926,3.69737934324737,3.56813643351571,3.43372841737685,"PAAD"
"TCGA-F2-A8YN-01A",3.86135037823552,3.71743606198697,3.5919218262013,3.42694112984012,"PAAD"
"TCGA-F2-A44H-01A",3.62961305950256,3.58453826696247,3.46821905442312,3.23630613841662,"PAAD"
"TCGA-YH-A8SY-01A",3.85153849435522,3.66578296779409,3.54305436521205,3.44568427396128,"PAAD"
"TCGA-3A-A9IC-01A",3.85064292064762,3.6821807076018,3.54510485402543,3.47341009045919,"PAAD"
"TCGA-HZ-A4BK-01A",3.79942448056006,3.68047164551144,3.59750125775733,3.41504011920545,"PAAD"
"TCGA-H6-A45N-11A",3.67505396096912,3.61898579780532,3.57079468654786,3.42673619756041,"PAAD"
"TCGA-Z5-AAPL-01A",3.76375014628968,3.64757281266289,3.61706193210527,3.47480710508901,"PAAD"
"TCGA-H6-A45N-01A",3.72890389286027,3.6102027044592,3.55063278481576,3.30459818186878,"PAAD"
"TCGA-HZ-A4BH-01A",3.81254163826788,3.69940283952043,3.73565519874168,3.44306190894501,"PAAD"
"TCGA-F2-A7TX-01A",3.9125658517707,3.74941874398601,3.68603849387075,3.51675734551346,"PAAD"
"TCGA-Q3-A5QY-01A",3.75182344303521,3.6642509526032,3.69667639760899,3.42224933113489,"PAAD"
"TCGA-F2-A44G-01A",3.87730698495454,3.6745321204944,3.61511497051739,3.44423148263002,"PAAD"
"TCGA-HZ-A49G-01A",3.79601146570829,3.67578003332479,3.6851722587568,3.37360791283373,"PAAD"
"TCGA-HZ-8005-01A",3.94656284131542,3.70658728347945,3.57524778418772,3.5405967747124,"PAAD"
"TCGA-HZ-8001-01A",3.83897843724706,3.74083323249892,3.70888927730423,3.5010745792253,"PAAD"
"TCGA-LB-A7SX-01A",3.7890149410823,3.72375468328777,3.58082754618271,3.49690783827466,"PAAD"
"TCGA-HV-A5A6-01A",3.77030697626176,3.67449855601282,3.44163407493546,3.40383562311624,"PAAD"
"TCGA-HZ-8003-01A",3.75039506984111,3.6885789785185,3.66212308210568,3.42906889607869,"PAAD"
"TCGA-IB-AAUS-01A",3.83059030413618,3.69371859780962,3.64026768925754,3.43400647996632,"PAAD"
"TCGA-HZ-A77P-01A",3.83359345466887,3.78148908624438,3.67287582918293,3.49508752576535,"PAAD"
"TCGA-US-A77E-01A",3.85315302792913,3.69818508629545,3.60965598685075,3.43405656541277,"PAAD"
"TCGA-IB-7890-01A",3.86002595385679,3.65559119350697,3.62663709215616,3.41044298275423,"PAAD"
"TCGA-LB-A9Q5-01A",3.7273420295053,3.60561347395633,3.55483637809128,3.30306603606694,"PAAD"
"TCGA-IB-7644-01A",3.90571680957744,3.76115305883556,3.70737073625998,3.56126559454545,"PAAD"
"TCGA-2J-AABT-01A",3.76626976180626,3.71430474113155,3.60373161776222,3.33805903941688,"PAAD"
"TCGA-2J-AAB1-01A",3.81813631149059,3.6796436254623,3.61431410991805,3.4367808685874,"PAAD"
"TCGA-HZ-7920-01A",3.80657681304871,3.74045553664012,3.78447123848972,3.47819182595479,"PAAD"
"TCGA-3A-A9IL-01A",3.60150991614063,3.60928245670944,3.66142853855987,3.26599521984092,"PAAD"
"TCGA-2J-AABI-01A",3.96654944064279,3.69745210378916,3.60322439708641,3.57122097623965,"PAAD"
"TCGA-IB-7647-01A",3.95040131621345,3.82605273777452,3.77587383452294,3.63394134191258,"PAAD"
"TCGA-IB-A5SS-01A",3.95749829511959,3.73835850202153,3.68257324154236,3.52217746111844,"PAAD"
"TCGA-S4-A8RO-01A",3.87377772963677,3.70279543685017,3.64273535856753,3.53509786953895,"PAAD"
"TCGA-IB-A5ST-01A",3.7942303151322,3.7194268323107,3.71529362482628,3.45577477855196,"PAAD"
"TCGA-HZ-7918-01A",3.78919631375865,3.76109337131496,3.65314709456933,3.48889703824842,"PAAD"
"TCGA-HZ-7923-01A",3.82741868446839,3.71043778016271,3.78336951918431,3.47372420781843,"PAAD"
"TCGA-XD-AAUI-01A",3.87407983485425,3.69331762830104,3.66730118424312,3.45725857577174,"PAAD"
"TCGA-IB-AAUO-01A",3.87639023230015,3.66244868659159,3.51690512591104,3.5279427735717,"PAAD"
"TCGA-PZ-A5RE-01A",3.91818161026529,3.73015740889442,3.62271359205483,3.48777855968464,"PAAD"
"TCGA-2J-AABA-01A",3.74889698715239,3.61494226017089,3.55568099710712,3.39788886460072,"PAAD"
"TCGA-HV-A5A4-01A",3.82906547106857,3.66857650981572,3.58043045085519,3.41580004131265,"PAAD"
"TCGA-HV-A5A3-11A",3.70792804609335,3.68626002138969,3.55138565858119,3.33839033273808,"PAAD"
"TCGA-3A-A9IZ-01A",3.88581706990182,3.63491267411088,3.52471577759287,3.434295382189,"PAAD"
"TCGA-XD-AAUL-01A",3.88186218028086,3.70115532085325,3.64461037736941,3.42532465689963,"PAAD"
"TCGA-IB-7886-01A",3.86846519533523,3.73765680597086,3.6467830151798,3.49259453442797,"PAAD"
"TCGA-S4-A8RM-01A",3.85055556126151,3.689601562586,3.59391970767496,3.45884256133248,"PAAD"
"TCGA-HZ-A49H-01A",3.71375305651289,3.65978710182121,3.65593932524265,3.39747731516194,"PAAD"
"TCGA-HZ-8636-01A",3.91739133044952,3.73860640584088,3.71943395484521,3.53439375586849,"PAAD"
"TCGA-IB-AAUU-01A",3.92190238033163,3.72350510492829,3.65712233370075,3.46605010450947,"PAAD"
"TCGA-IB-7885-01A",3.93522118690966,3.76750305205804,3.79126126493737,3.55776280902741,"PAAD"
"TCGA-2J-AABO-01A",3.75636643676496,3.61458654840876,3.48996416162078,3.31519078444098,"PAAD"
"TCGA-HZ-A8P1-01A",3.80490791922412,3.66294022265289,3.60801445628061,3.41401023656406,"PAAD"
"TCGA-2J-AABV-01A",3.55201842100538,3.52269825241422,3.34157132554832,3.13201814190752,"PAAD"
"TCGA-US-A77G-01A",3.84322391757917,3.69689603957199,3.64117137262249,3.47673736923075,"PAAD"
"TCGA-US-A774-01A",3.83146692655127,3.7292537430372,3.67398739087833,3.46712682133078,"PAAD"
"TCGA-HZ-7919-01A",3.89638889636692,3.74029893577003,3.67128911357829,3.53901687617823,"PAAD"
"TCGA-2J-AABU-01A",3.77790178807403,3.54903295555308,3.34090265248898,3.32229588617451,"PAAD"
"TCGA-IB-7651-01A",3.95269479931953,3.78817217778773,3.7515063159871,3.54106949859657,"PAAD"
"TCGA-HZ-8315-01A",3.83821036956425,3.72453154519636,3.65797387125864,3.45707989583025,"PAAD"
"TCGA-2L-AAQL-01A",3.75975755018911,3.64555635389375,3.53254669882458,3.33473633432506,"PAAD"
"TCGA-IB-7893-01A",3.88576180646573,3.73477689915883,3.6340708721932,3.56108228708093,"PAAD"
"TCGA-FB-A7DR-01A",3.84898056924613,3.7117521555646,3.55372217318303,3.46529725600462,"PAAD"
"TCGA-FB-AAPS-01A",3.74985092456314,3.61616385415801,3.61675488049733,3.33061320569824,"PAAD"
"TCGA-IB-AAUP-01A",3.80938968650597,3.69205327110812,3.62469237706752,3.50345346189645,"PAAD"
"TCGA-3A-A9IS-01A",3.46814701582664,3.62396285097048,3.66164443275544,3.36161567435066,"PAAD"
"TCGA-HZ-7924-01A",3.90442960157408,3.85423265091286,3.75934441970528,3.61848495609796,"PAAD"
"TCGA-3A-A9I7-01A",3.82364864474958,3.75350166209835,3.63298120648411,3.44777309003661,"PAAD"
"TCGA-2J-AABP-01A",3.82309960229469,3.72391138121471,3.58277170524972,3.55048915322142,"PAAD"
"TCGA-HV-A7OL-01A",3.85891244087067,3.65537564236264,3.5105068027042,3.40662445913908,"PAAD"
"TCGA-F2-6879-01A",3.9163825680917,3.76405517586758,3.72571482917683,3.57062507316765,"PAAD"
"TCGA-FB-A4P6-01A",3.68846877561038,3.60371882652088,3.59626077603369,3.2776199759207,"PAAD"
"TCGA-HV-A7OP-01A",3.55741765235347,3.5400437019629,3.33823398760771,3.19149398277642,"PAAD"
"TCGA-HZ-7922-01A",3.89285218517552,3.70051959488549,3.68302797600909,3.50047303884664,"PAAD"
"TCGA-FB-AAPU-01A",3.935827624822,3.78046444740601,3.66744348152043,3.57106413909049,"PAAD"
"TCGA-H6-8124-11A",3.77120507172953,3.75086063919929,3.67842041354925,3.40227312853163,"PAAD"
"TCGA-3A-A9IX-01A",3.77263860334665,3.70966032223062,3.680982686333,3.4152553509643,"PAAD"
"TCGA-HZ-8317-01A",3.80309065650226,3.7215573538318,3.66088229979032,3.50014121118634,"PAAD"
"TCGA-3A-A9J0-01A",3.9072101046357,3.70660836183548,3.70672924379577,3.47501908655106,"PAAD"
"TCGA-FB-A4P5-01A",3.71364756042059,3.6119492926644,3.66219884439667,3.38037660502859,"PAAD"
"TCGA-3E-AAAZ-01A",3.85975916537577,3.76316784791373,3.69055256135439,3.52268776596168,"PAAD"
"TCGA-3E-AAAY-01A",3.81810137306817,3.70561968041292,3.62903220947415,3.39742251249056,"PAAD"
"TCGA-L1-A7W4-01A",3.99198094490988,3.73019793817623,3.6588419210492,3.58424090191303,"PAAD"
"TCGA-H6-8124-01A",3.95244891240153,3.707417409178,3.58602089651018,3.501910032377,"PAAD"
"TCGA-2L-AAQI-01A",3.90532221428186,3.72445414945467,3.63457299600564,3.42494600429087,"PAAD"
"TCGA-HZ-A8P0-01A",3.81440046609001,3.66150091724323,3.60824404796944,3.39610609036909,"PAAD"
"TCGA-3A-A9I5-01A",3.79082654363343,3.6918628936833,3.55375834460136,3.40471708847899,"PAAD"
"TCGA-YB-A89D-01A",3.87434749264427,3.67990407037242,3.64592924898598,3.36907766429418,"PAAD"
"TCGA-2J-AABH-01A",3.88938002964165,3.69286204887393,3.64003160835624,3.46553993166094,"PAAD"
"TCGA-IB-7646-01A",3.83696601303232,3.70438628853988,3.56463657440306,3.48100192023309,"PAAD"
"TCGA-US-A776-01A",3.83625811560975,3.71712774121198,3.61962465975579,3.55500064794678,"PAAD"
"TCGA-IB-A5SO-01A",3.87945829857392,3.72101516682016,3.67933610171264,3.44999671355701,"PAAD"
"TCGA-FB-AAQ0-01A",3.90299698149077,3.63675889607595,3.55352580691071,3.41853885870281,"PAAD"
"TCGA-YB-A89D-11A",3.87929031992922,3.69258395029989,3.7655445687255,3.37368466794261,"PAAD"
"TCGA-RB-AA9M-01A",3.82974014394106,3.70155794532161,3.66404762360823,3.4576085562716,"PAAD"
"TCGA-IB-A5SP-01A",3.8801898985705,3.74558895349665,3.63219038167558,3.45965327481923,"PAAD"
"TCGA-HZ-A77Q-01A",3.82794370796997,3.64359664945899,3.61625416334734,3.37180006867225,"PAAD"
"TCGA-IB-7654-01A",3.84486403795555,3.76997346203186,3.75053322648942,3.45477812662267,"PAAD"
"TCGA-3A-A9IN-01A",3.60705253136573,3.5954583799819,3.68419717849534,3.25996803215582,"PAAD"
"TCGA-3A-A9IV-01A",3.77168142102166,3.65754225800983,3.60932639819029,3.35743492262934,"PAAD"
"TCGA-3A-A9IR-01A",3.64810836083258,3.76015858020174,3.56184477814438,3.36045708720589,"PAAD"
"TCGA-IB-AAUV-01A",3.79653728010125,3.68457925002667,3.65951496472858,3.39064155164625,"PAAD"
"TCGA-HZ-7289-01A",3.92532143735269,3.7486553900662,3.55100503355459,3.4787564467361,"PAAD"
"TCGA-FB-AAPP-01A",3.7448503010368,3.70060200870604,3.49522423079433,3.46906218047027,"PAAD"
"TCGA-IB-A7LX-01A",3.94483944022181,3.68046733232678,3.56377369858978,3.4822012219784,"PAAD"
"TCGA-IB-A7M4-01A",3.87665983207882,3.68325599092978,3.62449766621359,3.45477083035274,"PAAD"
"TCGA-3A-A9IO-01A",3.56572649449322,3.65085874244491,3.74224016163481,3.22553719983693,"PAAD"
"TCGA-US-A779-01A",3.81642825435849,3.69685241136877,3.55857317197735,3.4008273848382,"PAAD"
"TCGA-2L-AAQE-01A",3.89426125995824,3.69143949616014,3.57332523489534,3.4717086251992,"PAAD"
"TCGA-FB-AAQ6-01A",3.77124058831699,3.59157317620766,3.43335480797084,3.28933564508779,"PAAD"
"TCGA-2J-AABK-01A",3.85605817439421,3.71585993975627,3.62223802141251,3.45426338300393,"PAAD"
"TCGA-HZ-8519-01A",3.85412887111885,3.7873109186472,3.83641506342194,3.51533599485208,"PAAD"
"TCGA-HV-AA8X-01A",3.88580460659838,3.76387985144113,3.63198771017749,3.52733230263079,"PAAD"
"TCGA-IB-AAUM-01A",3.6628607324022,3.63455819382549,3.56309584338626,3.28272405486334,"PAAD"
"TCGA-H8-A6C1-01A",3.79491601199042,3.67868630862167,3.61582917971731,3.45929057677164,"PAAD"
"TCGA-RL-AAAS-01A",3.76536654405272,3.68743701837876,3.59437229888292,3.41999507663848,"PAAD"
"TCGA-F2-7273-01A",3.88096571253551,3.77894247804265,3.7470591691931,3.46612289014046,"PAAD"
"TCGA-FB-AAPY-01A",3.83782351074864,3.67682941988267,3.58987530838503,3.36061401617494,"PAAD"
"TCGA-FB-A78T-01A",3.88278594961329,3.70383983459971,3.6686411165241,3.46497240978449,"PAAD"
"TCGA-IB-8126-01A",3.65223369194897,3.63667225971199,3.66537289979852,3.29235242967279,"PAAD"
"TCGA-Q3-AA2A-01A",3.80452544481421,3.58669112430263,3.49369500129146,3.34375789731806,"PAAD"
"TCGA-HZ-8002-01A",3.78144867954334,3.73333108305946,3.79309376178469,3.47302259543727,"PAAD"
"TCGA-IB-A5SQ-01A",3.8080176120552,3.67886861397618,3.66336133830361,3.45172462595375,"PAAD"
"TCGA-HZ-A49I-01A",3.81016012275558,3.66495999668116,3.56142248592583,3.35418093699558,"PAAD"
"TCGA-HZ-7926-01A",3.92134237275329,3.75261904356934,3.68379387642797,3.51796252855022,"PAAD"
"TCGA-IB-AAUR-01A",3.7905024282808,3.66184156881415,3.67781789872832,3.42393100598074,"PAAD"
"TCGA-FB-A5VM-01A",3.83914739476162,3.70086139151619,3.6270920601354,3.5139303989783,"PAAD"
"TCGA-FB-AAQ3-01A",3.73209141863099,3.60561047790496,3.48974956012933,3.31903775338862,"PAAD"
"TCGA-2J-AABR-01A",3.77412842202203,3.65522838222747,3.58193711535627,3.38956797957922,"PAAD"
"TCGA-US-A77J-01A",3.72763714707922,3.65031491092029,3.60985512611241,3.41614691401735,"PAAD"
"TCGA-XN-A8T5-01A",3.75811631231113,3.63267093806081,3.59230596335201,3.31019356131821,"PAAD"
"TCGA-IB-8127-01A",3.925545472196,3.79363846056278,3.74827116882119,3.5285473762047,"PAAD"
"TCGA-3A-A9IH-01A",3.97064308056979,3.76599912563262,3.6920323578965,3.53342071213725,"PAAD"
"TCGA-XD-AAUG-01A",3.7162760841326,3.59339236241808,3.58685345005913,3.26244826425481,"PAAD"
"TCGA-IB-7891-01A",3.82646262120484,3.7282557676281,3.70675831349664,3.46717364475365,"PAAD"
"TCGA-HZ-7925-01A",3.89621886833063,3.76826989892201,3.67234376967569,3.52335756844397,"PAAD"
"TCGA-2L-AAQJ-01A",3.85730675744401,3.68801887144735,3.65244016827093,3.43454694110527,"PAAD"
"TCGA-IB-7887-01A",3.91561950535326,3.75591087189556,3.59281481530719,3.47972283392146,"PAAD"
"TCGA-FB-AAQ1-01A",3.89987311579068,3.67646599580777,3.65309697820338,3.48827837178891,"PAAD"
"TCGA-S4-A8RP-01A",3.80003893903472,3.66301599483584,3.62689975531821,3.4091663350651,"PAAD"
"TCGA-FB-AAPQ-01A",3.88401097873401,3.62286441191414,3.54441026308942,3.30072972307799,"PAAD"
"TCGA-YY-A8LH-01A",3.94270392041254,3.70597447844772,3.57701136211596,3.44682477744773,"PAAD"
"TCGA-HZ-A77O-01A",3.8746918790061,3.70163866589417,3.55661344306498,3.49939114917853,"PAAD"
"TCGA-FB-AAPZ-01A",3.8063684523098,3.61257021386415,3.58427997083543,3.38601401483367,"PAAD"
"TCGA-FB-AAQ2-01A",3.92986190010336,3.71058883745307,3.63234369331971,3.56875367622512,"PAAD"
"TCGA-LB-A8F3-01A",3.80113957238875,3.72509217560372,3.57084900145734,3.37017705964001,"PAAD"
"TCGA-IB-7645-01A",3.82418018126793,3.72352578301777,3.7873799371659,3.41592933458952,"PAAD"
"TCGA-HZ-A9TJ-01A",3.82106853309348,3.68033227882409,3.5814594024418,3.35550893250229,"PAAD"
"TCGA-HZ-A9TJ-06A",3.85858067176805,3.71578521442172,3.69331598579885,3.4757074511898,"PAAD"
"TCGA-2J-AAB6-01A",3.88085808953149,3.65178679032326,3.54457682312866,3.46103680289945,"PAAD"
"TCGA-2J-AABF-01A",3.85183924779441,3.74596018191452,3.72746033140792,3.51027270207992,"PAAD"
"TCGA-XD-AAUH-01A",3.73626302943306,3.64514525727107,3.78741208361266,3.33607107657534,"PAAD"
"TCGA-2J-AAB9-01A",3.68089868217777,3.56927209621069,3.45890488430003,3.26024445016932,"PAAD"
"TCGA-IB-AAUT-01A",3.78284462708728,3.65561262111625,3.57229623533035,3.28349418097719,"PAAD"
"TCGA-OE-A75W-01A",3.84785844687606,3.68255638675649,3.54076496555412,3.3948812349316,"PAAD"
"TCGA-2J-AAB4-01A",3.91787454122065,3.7232623901572,3.65698760602111,3.46501770034928,"PAAD"
"TCGA-IB-7652-01A",3.92394031141708,3.79941437767522,3.74520186040734,3.54003716077276,"PAAD"
"TCGA-3A-A9I9-01A",3.79906816974261,3.65601593821515,3.5735958162904,3.36849650428231,"PAAD"
"TCGA-XN-A8T3-01A",3.8160798415841,3.68057708906902,3.61423767762431,3.44628089885464,"PAAD"
"TCGA-IB-7649-01A",3.75200486092933,3.62886527175645,3.59215772096761,3.30205311089334,"PAAD"
"TCGA-2J-AAB8-01A",3.69930234511353,3.58417627486714,3.56604648469163,3.33617048066224,"PAAD"
"TCGA-3A-A9IB-01A",3.94914270837012,3.71459859744732,3.65254454579931,3.50778047448764,"PAAD"
"TCGA-W5-AA2X-01A",3.82111883255058,3.70703889793359,3.59649639128047,3.53077683759895,"CHOL"
"TCGA-W5-AA30-01A",3.64083471116859,3.72626439820628,3.59355738542338,3.53613524047659,"CHOL"
"TCGA-W5-AA2R-11A",3.37357723060004,3.69504397838874,3.51648784931374,3.1302393288676,"CHOL"
"TCGA-ZH-A8Y2-01A",3.66099609219448,3.68263277999255,3.43529397086592,3.40956766283641,"CHOL"
"TCGA-W5-AA2G-01A",3.80338748108305,3.72744803099222,3.56804227116618,3.52966231324227,"CHOL"
"TCGA-W5-AA2Z-01A",3.80162632111785,3.72501166792575,3.52493127959334,3.43466171351554,"CHOL"
"TCGA-W5-AA31-11A",3.29654566217113,3.73729472552735,3.54425640267883,3.17043678344278,"CHOL"
"TCGA-W5-AA2Q-11A",3.34451136625427,3.63293781454948,3.38485494109638,3.14222757266252,"CHOL"
"TCGA-W5-AA2X-11A",3.42570116943701,3.69245050798697,3.57841030388646,3.13928484951052,"CHOL"
"TCGA-W5-AA33-01A",3.63236234242231,3.69366174101664,3.55862611805657,3.45587871263402,"CHOL"
"TCGA-3X-AAV9-01A",3.80748535045469,3.65310051600146,3.52572111850254,3.37544389635547,"CHOL"
"TCGA-YR-A95A-01A",3.58846530219369,3.74331541575209,3.38582682612748,3.42572626069624,"CHOL"
"TCGA-ZH-A8Y6-01A",3.73591908939527,3.86010470913667,3.52852499044311,3.4597235952948,"CHOL"
"TCGA-ZH-A8Y5-01A",3.80848872246403,3.76142268469395,3.50968112764315,3.4563947613684,"CHOL"
"TCGA-4G-AAZO-01A",3.69570164802381,3.58390574986525,3.31492508429997,3.28240728451797,"CHOL"
"TCGA-3X-AAVC-01A",3.74168979023789,3.74103900371602,3.58652702343017,3.48931703707991,"CHOL"
"TCGA-W5-AA36-01A",3.6989927261192,3.81631198922491,3.50442279820789,3.41431687035825,"CHOL"
"TCGA-4G-AAZT-01A",3.57034373901699,3.6365647257811,3.26640838147059,3.21897046265673,"CHOL"
"TCGA-W5-AA2I-01A",3.52822558279643,3.69074506981412,3.35709125086373,3.40731181577792,"CHOL"
"TCGA-W5-AA39-01A",3.58257682602947,3.73662227449859,3.47727126659033,3.3522861014136,"CHOL"
"TCGA-ZH-A8Y1-01A",3.77147196721489,3.66521157188849,3.48937045913559,3.43932488212376,"CHOL"
"TCGA-ZD-A8I3-01A",3.76015954944174,3.6913868218174,3.63860361395005,3.4912753235393,"CHOL"
"TCGA-W6-AA0S-01A",3.89411145614439,3.78277375487067,3.56599690650935,3.48784020593825,"CHOL"
"TCGA-3X-AAVA-01A",3.74657891111183,3.76616971599993,3.51557807492379,3.43172886846992,"CHOL"
"TCGA-ZU-A8S4-11A",3.38404495089904,3.70680727473981,3.48724030711556,3.11745189661663,"CHOL"
"TCGA-WD-A7RX-01A",3.65991440023454,3.73653300422544,3.56337933729835,3.47606670828155,"CHOL"
"TCGA-W5-AA2T-01A",3.61097505915455,3.71242954902956,3.43135570299685,3.50190656497161,"CHOL"
"TCGA-W5-AA31-01A",3.74110004473768,3.77459270521087,3.62424692079326,3.50005857908954,"CHOL"
"TCGA-W5-AA2I-11A",3.25858899868155,3.7293722917395,3.44270034485338,3.10407300007157,"CHOL"
"TCGA-W5-AA34-11A",3.32162460316086,3.77127877114519,3.54787329505329,3.23846659815007,"CHOL"
"TCGA-ZH-A8Y8-01A",3.85876464921332,3.74130111210322,3.666255094837,3.45888585563085,"CHOL"
"TCGA-3X-AAVE-01A",3.73309705391599,3.72704850682524,3.54981564182176,3.49208876280894,"CHOL"
"TCGA-ZH-A8Y4-01A",3.83503172985617,3.83613904462857,3.57830801186494,3.51318547444775,"CHOL"
"TCGA-W5-AA2Q-01A",3.80072525024451,3.73222221000799,3.53232040015134,3.44893564621811,"CHOL"
"TCGA-W5-AA2U-01A",3.76359931857532,3.78162260654836,3.58400173663071,3.53333397374968,"CHOL"
"TCGA-W5-AA34-01A",3.73927904772605,3.73544699932383,3.39127135459886,3.42116651405421,"CHOL"
"TCGA-3X-AAVB-01A",3.85452474355056,3.66559889977716,3.56318717372666,3.41201732987529,"CHOL"
"TCGA-ZU-A8S4-01A",3.88568284312836,3.73441190055724,3.52782359541733,3.54786788922578,"CHOL"
"TCGA-W5-AA2U-11A",3.29055336767922,3.66387930964425,3.4534590117373,3.10459558524888,"CHOL"
"TCGA-W5-AA30-11A",3.35113612143465,3.68658330343084,3.47351257623684,3.13804151429679,"CHOL"
"TCGA-W5-AA38-01A",3.77417697351968,3.81373561568815,3.54598851239811,3.50518470433426,"CHOL"
"TCGA-W5-AA2H-01A",3.64360547714929,3.61320767994914,3.43494482507986,3.39779815582946,"CHOL"
"TCGA-W5-AA2O-01A",3.73107989054775,3.74463062342719,3.59578678296681,3.54454502869655,"CHOL"
"TCGA-W5-AA2W-01A",3.79194911199878,3.78627748462979,3.47145272442323,3.49811823766459,"CHOL"
"TCGA-24-1104-01A",3.95134528380627,3.79084081962052,3.48933807782464,3.53450756483821,"OV"
"TCGA-25-1320-01A",3.96141790397658,3.76905354203184,3.67779769053712,3.62970094271206,"OV"
"TCGA-24-1850-01A",3.92266060387524,3.73401795943686,3.48354109400296,3.49733967522839,"OV"
"TCGA-61-2101-01A",3.99270418015884,3.83634118994677,3.62881969458933,3.57476164517476,"OV"
"TCGA-23-1111-01A",3.95359502700288,3.75254116812548,3.4947695669804,3.55731321834128,"OV"
"TCGA-25-2396-01A",3.85543179904014,3.76905958831022,3.53482040190057,3.59900672411563,"OV"
"TCGA-30-1714-01A",3.76631910120939,3.62826686016225,3.26887017056663,3.38245899892511,"OV"
"TCGA-04-1347-01A",3.80089204269334,3.71055133126111,3.4631838132228,3.46194239101322,"OV"
"TCGA-59-2351-01A",3.91185147289739,3.77580568266752,3.61845141978527,3.56094228983216,"OV"
"TCGA-09-1659-01B",3.9579902447021,3.81491724832711,3.50977038414246,3.59852823702457,"OV"
"TCGA-24-1431-01A",3.89929465988018,3.79432907783338,3.609866201964,3.57704354098256,"OV"
"TCGA-31-1951-01A",3.95771939489173,3.77717448140196,3.63583989329096,3.62292488221665,"OV"
"TCGA-29-1769-01A",3.90097171295252,3.75616756305149,3.59442082544695,3.61647112063873,"OV"
"TCGA-13-0916-01A",4.01851323690534,3.90053447779925,3.85812066011958,3.77063487127574,"OV"
"TCGA-61-1721-01A",3.73861594293013,3.62819995902705,3.56149509760681,3.32865829162106,"OV"
"TCGA-61-2008-02A",3.8341636857812,3.7301297526416,3.51245917442711,3.55221468438499,"OV"
"TCGA-20-1687-01A",3.89348984635506,3.74309588421911,3.40550997910034,3.43420083765139,"OV"
"TCGA-29-2414-01A",3.92250990075729,3.73619251840417,3.59136651879036,3.44867788936977,"OV"
"TCGA-29-2414-02A",3.87915380160188,3.72703980236911,3.49954694364023,3.48238130602609,"OV"
"TCGA-13-1411-01A",3.93377995504033,3.79734362651148,3.70943906011477,3.60859998583342,"OV"
"TCGA-24-1928-01A",3.94583213000573,3.82531083007619,3.62347431993913,3.62805185266439,"OV"
"TCGA-31-1959-01A",3.8771459557696,3.75509313069827,3.5837040861326,3.59446744314849,"OV"
"TCGA-57-1586-01A",3.83099027653239,3.79338620428599,3.53119482451753,3.55821851806482,"OV"
"TCGA-09-2044-01B",4.01083018157944,3.86688608322529,3.72819436477457,3.73541895239052,"OV"
"TCGA-13-1506-01A",3.94199604342378,3.72163999510416,3.49336035459254,3.5903442196416,"OV"
"TCGA-25-1870-01A",3.81069010386169,3.73079296160979,3.519434877093,3.4584761500228,"OV"
"TCGA-09-0366-01A",3.99752671089096,3.87890318427967,3.58030764888361,3.64338697069666,"OV"
"TCGA-30-1892-01A",3.83998117793385,3.61616789180657,3.48393864105737,3.38041938037153,"OV"
"TCGA-13-0893-01B",3.9184822668487,3.77881482715363,3.61757798737961,3.64363345692041,"OV"
"TCGA-29-1770-02A",3.91311366288254,3.81477687007737,3.64098146814673,3.62315667379155,"OV"
"TCGA-09-2056-01B",3.97697352584573,3.80684670483672,3.5184197740081,3.61575482153998,"OV"
"TCGA-29-1781-01A",3.95625980622147,3.76201019520034,3.58084419843161,3.63191051489983,"OV"
"TCGA-29-1699-01A",4.05519865559415,3.95310390510668,3.7850605512928,3.76062678365113,"OV"
"TCGA-04-1364-01A",3.85706838060203,3.76602122660151,3.5753798736154,3.66421234581686,"OV"
"TCGA-29-1707-02A",3.94814080611266,3.76813152454087,3.539578089261,3.60800737824028,"OV"
"TCGA-59-2363-01A",3.93993740321228,3.72757268564393,3.53379244420155,3.58386687842197,"OV"
"TCGA-24-1416-01A",3.88405512535157,3.75939352959862,3.4136204421508,3.50625740351181,"OV"
"TCGA-20-1686-01A",3.82533604049639,3.68160252465199,3.55915807483633,3.52969549304549,"OV"
"TCGA-29-1697-01A",4.0544435231171,3.90906042233898,3.70594688805596,3.77742122119476,"OV"
"TCGA-29-1770-01A",3.94715063843832,3.80497416624068,3.70120902425747,3.62025583410305,"OV"
"TCGA-23-1116-01A",3.83583666955867,3.64879769214122,3.51086749423722,3.43796582630163,"OV"
"TCGA-29-2428-01A",3.91932825686314,3.73428073041239,3.40591607122371,3.46670904467159,"OV"
"TCGA-24-2293-01A",3.9396985298698,3.81403871016882,3.78665844532624,3.63046368475165,"OV"
"TCGA-25-1635-01A",3.92906071620495,3.79533371252871,3.71303874922172,3.66015221741744,"OV"
"TCGA-25-2409-01A",3.95139397691364,3.78198014963209,3.42514303085736,3.55103751751875,"OV"
"TCGA-24-2280-01A",3.86057136849144,3.72509911658142,3.65464839690015,3.53568975030714,"OV"
"TCGA-29-1710-01A",3.89158983981872,3.78399085590946,3.59121489142744,3.54522777827177,"OV"
"TCGA-23-1023-01R",4.01062518879776,3.84645192780745,3.75412995689746,3.73416318849594,"OV"
"TCGA-61-2095-01A",4.00915196570311,3.77581417836666,3.73721951953545,3.64844691681406,"OV"
"TCGA-13-1489-02A",4.02349541440322,3.79413505943431,3.47419370632178,3.65165777530373,"OV"
"TCGA-13-1489-01A",3.95349780800473,3.82401593423138,3.4415803111855,3.67692770676099,"OV"
"TCGA-23-1023-01A",3.88808576392038,3.7918783479662,3.63479949848783,3.55104357167305,"OV"
"TCGA-29-2425-01A",3.88864145891391,3.76277706970125,3.46143427273302,3.53520608806165,"OV"
"TCGA-36-1574-01A",3.94548201486138,3.81658710848985,3.71536513033435,3.69456356509605,"OV"
"TCGA-30-1853-01A",3.85024213517422,3.64799063697411,3.35796167770188,3.4243682192863,"OV"
"TCGA-04-1648-01A",3.86186126684951,3.74992017066069,3.57139005504981,3.45995302314485,"OV"
"TCGA-13-1409-01A",3.88110258448742,3.70329694897992,3.42969088918785,3.49002783220699,"OV"
"TCGA-OY-A56Q-01A",3.85597032618162,3.76258302076962,3.49968317045203,3.53511671943576,"OV"
"TCGA-24-1471-01A",3.93868529035835,3.84287807615547,3.69111324086351,3.61100816559216,"OV"
"TCGA-59-2350-01A",3.96012944246539,3.83018053877068,3.66205075939489,3.69104001550814,"OV"
"TCGA-29-1688-01A",3.87741411888882,3.7747818121553,3.66906349397548,3.60220373412294,"OV"
"TCGA-61-1724-01A",3.96312802465651,3.79026398971978,3.64467253522229,3.63308587685573,"OV"
"TCGA-25-1628-01A",3.90710335756136,3.78796834214839,3.7454272998707,3.67569053879818,"OV"
"TCGA-09-1669-01A",3.93887481294749,3.74136725661458,3.54678544209988,3.64200696595161,"OV"
"TCGA-13-1405-01A",3.9938195772788,3.81528820619435,3.72284805583753,3.67395236303384,"OV"
"TCGA-24-2024-01A",3.9414061489641,3.80756749238939,3.56881606000944,3.6126936068834,"OV"
"TCGA-24-1422-01A",3.98367446728475,3.80936905996225,3.646725692231,3.64562698308351,"OV"
"TCGA-61-1740-01A",3.9402177731085,3.84373719776538,3.71262663342619,3.72931317823374,"OV"
"TCGA-13-0891-01A",3.85186119245699,3.70161242303475,3.46826126787692,3.43016179895938,"OV"
"TCGA-61-1728-01A",3.98746024633696,3.85135290810435,3.56755347324628,3.6555993137803,"OV"
"TCGA-61-1733-01A",3.89208868179891,3.70804642417874,3.43824565879947,3.53992339024882,"OV"
"TCGA-13-0720-01A",3.91443134344051,3.68271667759513,3.35587227696513,3.43620521009402,"OV"
"TCGA-29-1698-01A",3.96039248895109,3.85961636169175,3.74586785202748,3.7276335270035,"OV"
"TCGA-24-2288-01A",3.92530470539787,3.7366070045633,3.6435685613699,3.53271275110449,"OV"
"TCGA-25-1630-01A",3.89560497565633,3.73936294208248,3.6223857804474,3.55540563652224,"OV"
"TCGA-13-0901-01B",3.85942470176099,3.66375024370873,3.53841821240957,3.51070994434241,"OV"
"TCGA-24-1567-01A",3.87106793146536,3.74414028301708,3.66033756771094,3.65627179984943,"OV"
"TCGA-23-2084-01A",4.00399973473957,3.83790491499008,3.65468166199468,3.74541882630126,"OV"
"TCGA-36-1576-01A",3.87295555294754,3.79959090207537,3.71198954206806,3.62029465945172,"OV"
"TCGA-13-0730-01A",3.8282742275762,3.70781832862029,3.47245094971787,3.50127977195938,"OV"
"TCGA-04-1517-01A",3.93827012271903,3.8388339715759,3.55938047041079,3.62294210276656,"OV"
"TCGA-29-1778-01A",3.90404424272795,3.77521941464826,3.61603826102796,3.57643653653651,"OV"
"TCGA-24-1413-01A",3.90442139217913,3.72054104911464,3.52554115104569,3.49505991014724,"OV"
"TCGA-24-2023-01A",4.00153304411732,3.85684892528033,3.60555100654294,3.6530872302984,"OV"
"TCGA-13-0725-01A",3.82267300363166,3.75103888933996,3.53497765294838,3.55117408960429,"OV"
"TCGA-13-0883-01A",3.90970488217672,3.72792567462126,3.65706394148105,3.56305869291529,"OV"
"TCGA-24-1555-01A",3.97790336262988,3.87506304428273,3.605095148215,3.69031289682836,"OV"
"TCGA-23-1029-01B",3.96373571872829,3.79559356745177,3.6498822877407,3.64447148258811,"OV"
"TCGA-13-1507-01A",3.88468795684994,3.7312190366983,3.53325712301714,3.56622798074031,"OV"
"TCGA-61-1998-01A",3.842317145401,3.65319768326919,3.48086910292563,3.47854149417728,"OV"
"TCGA-24-1419-01A",3.96445389360545,3.85095445102548,3.59670873580483,3.64474855414976,"OV"
"TCGA-30-1862-01A",3.90460394135208,3.71925344755081,3.65231409885298,3.47090355310842,"OV"
"TCGA-09-1670-01A",3.94627372112835,3.83101828759645,3.55003713258629,3.61541309303886,"OV"
"TCGA-24-2281-01A",3.93345490398535,3.76253778159446,3.55033227633476,3.57752726673995,"OV"
"TCGA-57-1994-01A",3.86777853113399,3.74172980668206,3.55951754394984,3.60475203041161,"OV"
"TCGA-24-0968-01A",3.88476917922861,3.75339485916157,3.50863811381049,3.59563066725606,"OV"
"TCGA-23-1113-01A",3.84818936727876,3.67019967393774,3.38780470865127,3.45069260036151,"OV"
"TCGA-24-1548-01A",3.96912214339958,3.84339110142094,3.66578586245322,3.76764097099851,"OV"
"TCGA-24-1552-01A",3.95006383222594,3.77767160322114,3.61021607256005,3.61069414533522,"OV"
"TCGA-24-1930-01A",3.94167876066959,3.81552798589122,3.59699967065669,3.54876158194363,"OV"
"TCGA-10-0936-01A",3.84968833035769,3.79245432657076,3.44156901492487,3.52277798273306,"OV"
"TCGA-61-2102-01A",3.69950408359278,3.70719307203189,3.5996768154104,3.57664797071224,"OV"
"TCGA-59-2352-01A",3.92286400717648,3.71394396109048,3.56750413856,3.49339110979399,"OV"
"TCGA-61-1910-01A",3.82646363499992,3.669096765954,3.43886230183423,3.40969169762289,"OV"
"TCGA-13-1512-01A",3.94042051126801,3.73598336379753,3.55042353465799,3.60430842447234,"OV"
"TCGA-29-1768-01A",3.83760413854003,3.64566780964233,3.5599594916617,3.42013378001351,"OV"
"TCGA-13-0897-01A",3.92092061959664,3.77121695066684,3.42180993297626,3.59403722777639,"OV"
"TCGA-10-0938-01A",3.75697358903446,3.67497214303954,3.4184247561422,3.47234620345395,"OV"
"TCGA-13-0804-01A",3.81302835193471,3.65006634207489,3.36428081763378,3.45640509787751,"OV"
"TCGA-13-0920-01A",3.81121542788324,3.723742077878,3.3774826923591,3.46626957990721,"OV"
"TCGA-25-2042-01A",3.85804750141494,3.75121893705867,3.67252748211114,3.51102367317194,"OV"
"TCGA-13-1505-01A",3.83482322117623,3.71815631615138,3.62946239290787,3.55015049314809,"OV"
"TCGA-61-2110-01A",3.95319909797996,3.74887322186502,3.44181955870746,3.55393699276832,"OV"
"TCGA-24-1849-01A",3.94019733867438,3.85720037958459,3.79372565036823,3.6357374184893,"OV"
"TCGA-04-1341-01A",4.0116794216254,3.80203960728649,3.53294450243022,3.60536579773183,"OV"
"TCGA-24-2254-01A",3.81077568243998,3.67034923704749,3.59018003304224,3.55851737290876,"OV"
"TCGA-13-1488-01A",3.92766969552463,3.7556283017023,3.63365859876375,3.56011278150007,"OV"
"TCGA-61-2094-01A",4.00010988950397,3.8403444277704,3.6914178581322,3.65746871439993,"OV"
"TCGA-20-1683-01A",3.99438592778564,3.81195633191121,3.66645852804324,3.72572253875479,"OV"
"TCGA-29-1703-01A",3.89887665352306,3.74932930928909,3.55533767125809,3.61346780969171,"OV"
"TCGA-04-1343-01A",3.92370426334911,3.83000042645794,3.67693465276962,3.59658182159298,"OV"
"TCGA-25-1627-01A",3.97542070589617,3.79174796360827,3.67323359972719,3.63888538306031,"OV"
"TCGA-61-1919-01A",3.8891261711983,3.73043214247877,3.61379482102008,3.53932743676408,"OV"
"TCGA-24-1565-01A",3.85734150956421,3.7662765747135,3.5121987723159,3.49451613310827,"OV"
"TCGA-31-1946-01A",3.96400533844062,3.78770009809666,3.65133555895764,3.59292915284646,"OV"
"TCGA-29-1774-01A",3.83700887073736,3.68987669638408,3.54630330499465,3.51344771292222,"OV"
"TCGA-36-1577-01A",3.98122680993892,3.78911840942663,3.73377968541951,3.69625884897128,"OV"
"TCGA-24-2261-01A",3.9693800139399,3.80939207353795,3.73908211483219,3.73065843589622,"OV"
"TCGA-23-2077-01A",3.89171630057783,3.75978855631867,3.54346391658597,3.53208971790612,"OV"
"TCGA-36-1581-01A",3.93288875307535,3.84389621087859,3.73108363705156,3.64617310471428,"OV"
"TCGA-09-1661-01B",3.72342611626958,3.59670899874485,3.36309693757316,3.303558460878,"OV"
"TCGA-13-1482-01A",3.94840379537182,3.84101958273954,3.63662542239995,3.73671140881484,"OV"
"TCGA-13-0924-01A",3.90327594643958,3.73873407211414,3.56929620109455,3.51687540012842,"OV"
"TCGA-23-1120-01A",3.87069575128746,3.7747653919709,3.61159680672927,3.60240907421259,"OV"
"TCGA-04-1357-01A",3.82370344333695,3.70959753852953,3.37231414449141,3.40362796968981,"OV"
"TCGA-04-1651-01A",3.98762824181028,3.77534929957886,3.61848325518169,3.61808527121502,"OV"
"TCGA-13-1497-01A",3.88937132786985,3.80182592322515,3.53150487606149,3.61482650293593,"OV"
"TCGA-24-1557-01A",3.80237171308865,3.74040769394502,3.49647281460802,3.51879749655365,"OV"
"TCGA-24-1562-01A",3.97041693643304,3.81592072639821,3.68741793277417,3.60023544059337,"OV"
"TCGA-24-2289-01A",3.94090757049737,3.78770189532857,3.64592954231861,3.53612786065395,"OV"
"TCGA-25-1871-01A",3.97120393804173,3.79911645527556,3.70061389473253,3.68170645427659,"OV"
"TCGA-29-1777-01A",3.88363729335403,3.6422597717846,3.41381439747063,3.43134355372301,"OV"
"TCGA-04-1542-01A",3.83360464982481,3.66948150926862,3.38366617815289,3.40223276600163,"OV"
"TCGA-24-1556-01A",3.97748564268362,3.92487925370792,3.76284359700652,3.75798798873131,"OV"
"TCGA-24-1427-01A",3.9223774158546,3.77930660425079,3.72059770951305,3.58666107717249,"OV"
"TCGA-13-1403-01A",3.92296839417996,3.78793770100753,3.51231196556365,3.52579031010912,"OV"
"TCGA-13-0797-01A",3.94231294693849,3.8015962821952,3.43222760780511,3.64201369592771,"OV"
"TCGA-09-1668-01B",3.87134902901008,3.75183378577387,3.57750699351055,3.63359910505967,"OV"
"TCGA-29-1694-01A",3.97705048145561,3.83105549361649,3.5689036215163,3.57235845583076,"OV"
"TCGA-36-1571-01A",3.98140055680586,3.85215849501696,3.62792889519887,3.68289996869369,"OV"
"TCGA-25-1318-01A",3.89026801969937,3.73432668343045,3.54365985627332,3.50131919066062,"OV"
"TCGA-13-0714-01A",3.68835810126265,3.4884002661665,3.38708306720009,3.25369046812117,"OV"
"TCGA-24-1418-01A",3.91086897656382,3.76257607339665,3.61215833618469,3.63780631499791,"OV"
"TCGA-25-1633-01A",3.89882434537696,3.7157660145781,3.66623783676291,3.52243172632771,"OV"
"TCGA-13-2060-01A",3.9137918112526,3.79607549350759,3.57136809217311,3.60537825919067,"OV"
"TCGA-13-0905-01B",4.02896265710234,3.79650189163856,3.53008661379453,3.6423111727097,"OV"
"TCGA-29-1785-01A",3.91134730707856,3.73822140039419,3.50686448097415,3.58586014138782,"OV"
"TCGA-09-0369-01A",3.96765466080981,3.88938400424763,3.6835780438228,3.67580694716562,"OV"
"TCGA-61-2088-01A",3.78506262787951,3.65654768467886,3.4420344955293,3.47816441511722,"OV"
"TCGA-13-0885-01A",3.79756519272604,3.67796256943337,3.46417852017,3.55049975764312,"OV"
"TCGA-13-0726-01A",3.96254015309072,3.78723407959271,3.50440503775186,3.49297543155723,"OV"
"TCGA-13-0923-01A",3.89782016757104,3.75669336444451,3.46719987307716,3.49540011647048,"OV"
"TCGA-24-1430-01A",3.87645779388789,3.74660088205739,3.58702237432226,3.56717950878941,"OV"
"TCGA-24-1549-01A",3.99411729564074,3.78134341872032,3.62027678850378,3.67792486650213,"OV"
"TCGA-24-1467-01A",3.84210341907358,3.67197199245884,3.55172913800152,3.4736267862092,"OV"
"TCGA-20-0991-01A",3.88937874352234,3.66481277935873,3.4217285228311,3.48501200608785,"OV"
"TCGA-25-2401-01A",3.89730041661566,3.76893142184042,3.60357867528567,3.56882028132059,"OV"
"TCGA-13-0919-01A",4.03629332309566,3.90593155071018,3.71098778614751,3.70184282076075,"OV"
"TCGA-13-1485-01A",3.8115677385098,3.70051677147243,3.49860513571529,3.484273256939,"OV"
"TCGA-24-1464-01A",3.8906987708671,3.70173610663203,3.47877821311601,3.52321731064447,"OV"
"TCGA-31-1950-01A",3.92451992568704,3.80337728698521,3.5909821211294,3.62221753295978,"OV"
"TCGA-24-1434-01A",3.97430092894373,3.79746367836247,3.66874337208809,3.65889272587292,"OV"
"TCGA-24-1616-01A",3.92136058104299,3.81799365007108,3.63046255345387,3.64650009131568,"OV"
"TCGA-09-1666-01A",3.94374171233503,3.77127643257031,3.5423752809065,3.62209415234078,"OV"
"TCGA-13-0762-01A",3.87822645806564,3.77731857616112,3.42546837504693,3.55243051697777,"OV"
"TCGA-10-0934-01A",4.02195864986324,3.92958000156063,3.6661226478991,3.69506240194472,"OV"
"TCGA-09-0364-01A",3.82919877930084,3.74946978855101,3.67750655781361,3.67522242721701,"OV"
"TCGA-04-1331-01A",3.85601556476623,3.77961258042023,3.62074059169699,3.61821094850005,"OV"
"TCGA-24-1846-01A",3.93866932092393,3.78766212750125,3.56228681130248,3.65156639055918,"OV"
"TCGA-24-1436-01A",3.95188763484453,3.84052699194823,3.63838968797821,3.6380496675695,"OV"
"TCGA-13-1408-01A",3.9267038560596,3.80289228285548,3.64464932186423,3.61710123303935,"OV"
"TCGA-24-2033-01A",3.90455919982525,3.70066625423862,3.56470811256032,3.52859922008778,"OV"
"TCGA-24-1843-01A",3.956107957152,3.84134681334192,3.64700575785616,3.65967002812924,"OV"
"TCGA-10-0927-01A",3.77718934652158,3.56240870954439,3.22435401478322,3.38237784377305,"OV"
"TCGA-10-0937-01A",3.75909485386277,3.61999708837351,3.19364491442845,3.38910203201297,"OV"
"TCGA-09-0367-01A",3.95526922178827,3.85639995413244,3.49726965274089,3.52959456881562,"OV"
"TCGA-24-1845-01A",3.93034813820656,3.79398719422333,3.51250181175708,3.59059000685899,"OV"
"TCGA-24-1560-01A",4.02353558444192,3.82806553694054,3.52296950178489,3.60546657425575,"OV"
"TCGA-13-0724-01A",3.80018187479092,3.64389884578259,3.48191263913698,3.46695708749477,"OV"
"TCGA-5X-AA5U-01A",3.87743797245674,3.77240072126622,3.60858531020568,3.69174694657435,"OV"
"TCGA-25-2393-01A",3.97887203810015,3.76450844128589,3.55873735757406,3.70054441239552,"OV"
"TCGA-25-1322-01A",3.97351855423505,3.83214495907731,3.66291795975636,3.64214220036341,"OV"
"TCGA-61-2009-01A",3.90494641091266,3.81546571866044,3.55575582891327,3.50381022381774,"OV"
"TCGA-13-1481-01A",3.94068641860738,3.84739298509533,3.72881242706871,3.62384204554759,"OV"
"TCGA-13-0799-01A",3.98729280875464,3.89675716707637,3.67255463918349,3.76831820632927,"OV"
"TCGA-13-1487-01A",3.86395169769746,3.6705784090395,3.52605306884838,3.45100557130783,"OV"
"TCGA-24-1564-01A",3.89271633269848,3.78246492858851,3.65359952746299,3.56379080517588,"OV"
"TCGA-61-2109-01A",3.92107418755613,3.77380841700503,3.5301106614119,3.60929291063708,"OV"
"TCGA-59-2354-01A",4.03023471777329,3.85366301415331,3.80678380516256,3.64323117421257,"OV"
"TCGA-10-0926-01A",4.02116282161881,3.8561373587292,3.60840203901142,3.6351391215457,"OV"
"TCGA-04-1519-01A",3.92602437550015,3.71192755655015,3.48121503336596,3.46472035380969,"OV"
"TCGA-24-2020-01A",3.84347830707366,3.78451209281629,3.6136014231291,3.7254982690772,"OV"
"TCGA-3P-A9WA-01A",3.98058299646656,3.88791328623782,3.71916775345823,3.69028378950455,"OV"
"TCGA-04-1348-01A",4.03120790265505,3.8720980052423,3.65422365579819,3.76133019481361,"OV"
"TCGA-13-0906-01A",3.90058257720747,3.74855158286635,3.48518130342494,3.57949288393775,"OV"
"TCGA-30-1860-01A",3.8764068492738,3.70747784315746,3.53908831821211,3.55182941336137,"OV"
"TCGA-36-1569-01A",3.95187951100731,3.78784991874228,3.68718335894807,3.57894573050514,"OV"
"TCGA-25-1319-01A",3.93605538536459,3.79657106113086,3.65900814898126,3.58523226858159,"OV"
"TCGA-57-1583-01A",3.94889090350608,3.78368219741698,3.5888790736153,3.60233550627773,"OV"
"TCGA-29-1776-01A",3.83891344784938,3.72535447831497,3.60697904008744,3.49121815139948,"OV"
"TCGA-24-2271-01A",3.76498369608295,3.63207126851633,3.49542464057023,3.37208163570011,"OV"
"TCGA-23-1109-01A",3.83879090638924,3.68432378971974,3.56577961631221,3.60624843516619,"OV"
"TCGA-61-2092-01A",3.9369567534432,3.83471182699679,3.58799228995432,3.58362372989072,"OV"
"TCGA-13-0800-01A",3.84632884997275,3.76722285382412,3.54712910452031,3.5412210559251,"OV"
"TCGA-24-1924-01A",3.94348163997816,3.80683530966526,3.54676457020511,3.62707885502482,"OV"
"TCGA-24-1563-01A",3.92663060308835,3.74715915351453,3.59411576017216,3.53119272778635,"OV"
"TCGA-29-1761-01A",3.96791483673671,3.82334975479485,3.58364367380523,3.5713205308099,"OV"
"TCGA-24-1423-01A",3.96868137216607,3.82264420359112,3.63983960322845,3.57522238235324,"OV"
"TCGA-09-2045-01A",3.78723242624033,3.68532692701309,3.39447537883811,3.35353527084497,"OV"
"TCGA-24-0979-01A",3.94855948356116,3.82151432272735,3.57462254279443,3.64146331636984,"OV"
"TCGA-25-1314-01A",3.97652890596021,3.78502613569796,3.66405717831011,3.62397652774063,"OV"
"TCGA-29-1702-01A",4.01231622112934,3.84438668782821,3.68369880821639,3.71233577949291,"OV"
"TCGA-13-0887-01A",3.90010978175486,3.8473164949286,3.49079071894071,3.62671584578848,"OV"
"TCGA-61-1741-01A",3.85314848839286,3.75415113010218,3.62393879148514,3.61993917046134,"OV"
"TCGA-09-2048-01A",3.81535047698761,3.77334206503186,3.56123046181882,3.63656904471621,"OV"
"TCGA-09-1674-01A",3.95280063085911,3.87575072552977,3.71821639766422,3.80426223371552,"OV"
"TCGA-61-2012-01A",3.95599244217312,3.77377363309245,3.54470334974345,3.56416095353011,"OV"
"TCGA-24-1847-01A",3.99040118933208,3.76584879575293,3.58815549719211,3.6030823225795,"OV"
"TCGA-10-0928-01A",3.85469231577538,3.71139419005105,3.43014251967637,3.54120749889156,"OV"
"TCGA-29-1695-01A",3.94528964482102,3.83057124368046,3.73367139067288,3.6132818819823,"OV"
"TCGA-61-2016-01A",4.00675638203736,3.86395649283295,3.62379849895578,3.69560423405106,"OV"
"TCGA-23-2081-01A",4.01532844159167,3.84602023461347,3.66792724633926,3.70008075190747,"OV"
"TCGA-25-2397-01A",3.93915615598168,3.76701737976371,3.5139931788268,3.49619113470586,"OV"
"TCGA-13-1501-01A",3.95732126890169,3.76943198866093,3.6317665272093,3.57617204208425,"OV"
"TCGA-24-1604-01A",3.90972531953594,3.78119105166773,3.53761124048319,3.56764412884501,"OV"
"TCGA-25-1626-01A",3.8955048682352,3.7487422852403,3.7375954844085,3.56932856041072,"OV"
"TCGA-13-0888-01A",3.77881044337549,3.58493024500113,3.24984547252749,3.40940664371176,"OV"
"TCGA-25-1631-01A",3.93286834358396,3.7807298561454,3.59966538504244,3.5728493716511,"OV"
"TCGA-25-1321-01A",3.94048011657197,3.85034302980465,3.59468409775735,3.61192556350347,"OV"
"TCGA-29-1690-01A",3.90934024243194,3.75445827072086,3.62499765190764,3.53068670056279,"OV"
"TCGA-13-1511-01A",4.00786502755238,3.84764653472241,3.72758485265507,3.57180987306557,"OV"
"TCGA-25-1328-01A",3.8920511682439,3.66995359376361,3.52588359175504,3.44502096481116,"OV"
"TCGA-09-1662-01A",3.98758502442944,3.82030547733869,3.67146953309376,3.68899568943364,"OV"
"TCGA-13-0911-01A",3.91598831089986,3.72902043262935,3.48538542827125,3.47749848685082,"OV"
"TCGA-13-0727-01A",3.85058229406634,3.71892143652934,3.36484220645686,3.49685970854986,"OV"
"TCGA-10-0933-01A",3.80287529057194,3.67111482657214,3.53887136527011,3.58847528068121,"OV"
"TCGA-61-2111-01A",3.73243223426149,3.67818480729416,3.53047864104103,3.45573864694365,"OV"
"TCGA-29-1696-01A",3.96811207150388,3.78810719581365,3.54779227802215,3.57916413993778,"OV"
"TCGA-23-1024-01A",3.91301222368059,3.82651276894249,3.54630726486383,3.65140945531089,"OV"
"TCGA-25-1329-01A",3.99501514284989,3.77558350854067,3.73674207063683,3.63605533899174,"OV"
"TCGA-23-1110-01A",3.73175881713141,3.60554681179982,3.33795764801634,3.43428937548222,"OV"
"TCGA-20-1684-01A",3.97982803151179,3.842151816953,3.69125968806946,3.67816202970095,"OV"
"TCGA-24-1428-01A",4.06918250263769,3.92455008275993,3.75865264335494,3.7646095672309,"OV"
"TCGA-13-0795-01A",3.78680383075335,3.66214322252967,3.40435950744721,3.45790995495182,"OV"
"TCGA-13-0900-01B",3.94676764879668,3.79915092440477,3.64161184477318,3.6575041165313,"OV"
"TCGA-13-1410-01A",3.90031566214798,3.81634334376068,3.63589783301774,3.66536294619456,"OV"
"TCGA-23-1026-01B",3.92002339052883,3.71803318920224,3.527699224254,3.55047109741382,"OV"
"TCGA-23-1032-01A",4.05263623024797,3.89528176059854,3.61660853010347,3.7347234657472,"OV"
"TCGA-13-0760-01A",3.95659226495873,3.89328787539883,3.60291318436362,3.62310262058374,"OV"
"TCGA-23-1028-01A",3.94478392710946,3.67943673760029,3.5400896556204,3.52088068674719,"OV"
"TCGA-23-2078-01A",3.99623801927326,3.8264761520854,3.76523800877528,3.67563828471057,"OV"
"TCGA-57-1584-01A",3.8737941788637,3.77956069952094,3.55094383508952,3.50463056527996,"OV"
"TCGA-13-1496-01A",3.85954103028082,3.66927310595544,3.44526874808261,3.49536640450793,"OV"
"TCGA-04-1655-01A",3.84964941720311,3.69848654442511,3.39405592584594,3.52597869976232,"OV"
"TCGA-13-1407-01A",3.87406350710294,3.76003735217773,3.49390881636853,3.63326238709453,"OV"
"TCGA-36-1578-01A",3.99379306726014,3.82074960425159,3.64641143269258,3.65043338943645,"OV"
"TCGA-61-1995-01A",3.99447823092505,3.85607423628021,3.62636168055663,3.72956484590386,"OV"
"TCGA-13-0908-01B",3.87304127234325,3.75341200661855,3.6674616356044,3.56203389352264,"OV"
"TCGA-61-1900-01A",3.9529200741695,3.78990725999382,3.67366647200457,3.68633534197644,"OV"
"TCGA-61-1725-01A",3.89087678502285,3.7250261316734,3.51987526730226,3.53371652182856,"OV"
"TCGA-24-2290-01A",3.9339773198996,3.76141925842166,3.66773513137127,3.61940042123185,"OV"
"TCGA-24-2267-01A",3.89514764312034,3.73293990973758,3.49778272641742,3.4849268382395,"OV"
"TCGA-13-1477-01A",3.84797332112096,3.66844778687285,3.36585948710345,3.48062855744549,"OV"
"TCGA-61-2002-01A",3.9776573872653,3.8249522974436,3.64241078453338,3.66636449591795,"OV"
"TCGA-25-1326-01A",3.92755447642564,3.80063279479128,3.65321974059406,3.59353794031307,"OV"
"TCGA-61-1911-01A",3.73261534935204,3.633974601013,3.2937554620479,3.31773491744537,"OV"
"TCGA-24-1103-01A",3.96866205824216,3.78066014507142,3.51816916539158,3.56426430355419,"OV"
"TCGA-23-1030-01A",3.87510862083164,3.72443145996396,3.43758044289391,3.5040795301998,"OV"
"TCGA-04-1332-01A",3.77381214490275,3.69482930583384,3.43052911852403,3.48486890548749,"OV"
"TCGA-09-2051-01A",3.99903138321702,3.88182024337276,3.6714720086502,3.73568638342952,"OV"
"TCGA-04-1365-01A",4.00955820215554,3.82955438796764,3.65296235102963,3.73629414106405,"OV"
"TCGA-25-2399-01A",3.99393949190373,3.79463063332081,3.66397427302563,3.64198135509928,"OV"
"TCGA-23-1027-01A",4.02075345921879,3.91029287680592,3.70489884804264,3.7143067364559,"OV"
"TCGA-25-2392-01A",3.94505116221608,3.80629900264614,3.59893943002255,3.57111892649068,"OV"
"TCGA-24-2038-01A",3.88356079745351,3.69777534283413,3.52410315491533,3.44736220456871,"OV"
"TCGA-29-A5NZ-01A",3.91016794738006,3.78824656084239,3.72945151929047,3.6754485959772,"OV"
"TCGA-24-1544-01A",3.84502193752587,3.69000023782543,3.39130210507934,3.47510347567204,"OV"
"TCGA-13-0768-01A",3.87029752930735,3.69419705867764,3.5858309304445,3.51213990916726,"OV"
"TCGA-30-1718-01A",3.94488583580822,3.78306722834921,3.59468053118013,3.60715270591608,"OV"
"TCGA-04-1337-01A",3.95934330334921,3.84678524211973,3.66825733919399,3.60319764040169,"OV"
"TCGA-23-1114-01B",3.87566857450976,3.80922280737159,3.58426295125456,3.6098296641549,"OV"
"TCGA-13-0801-01A",4.02254353637378,3.8897920250187,3.66884940453989,3.73052066853353,"OV"
"TCGA-29-1766-01A",3.84326488828496,3.65894329585516,3.47988659338066,3.44022955072482,"OV"
"TCGA-13-1499-01A",3.89973547141872,3.75780711766504,3.68417075082823,3.60155967756723,"OV"
"TCGA-61-1737-01A",3.95097840521615,3.8301162448566,3.67670876352439,3.73479109068184,"OV"
"TCGA-29-1701-01A",3.82697690935227,3.76501856505772,3.58871772740692,3.58621914532649,"OV"
"TCGA-24-1470-01A",3.89962974928613,3.7982832789302,3.61523438479325,3.65907176994956,"OV"
"TCGA-09-2054-01A",3.8136132113567,3.66088127402603,3.58577540367112,3.51246315570619,"OV"
"TCGA-24-1558-01A",3.91298968598699,3.84359626744902,3.6669781020762,3.63858830791808,"OV"
"TCGA-24-2035-01A",3.80467704859029,3.66447944992233,3.63828235489304,3.46875331384918,"OV"
"TCGA-24-1923-01A",3.76064368070151,3.63570174006095,3.4097530377731,3.41270398914259,"OV"
"TCGA-24-1463-01A",4.00618874503435,3.84557597203796,3.83013426737059,3.74346608505058,"OV"
"TCGA-13-1404-01A",3.79537289710793,3.71158558772969,3.57858762399761,3.57343799372604,"OV"
"TCGA-04-1338-01A",3.72564536361776,3.56243744899713,3.36544783433918,3.36130305459385,"OV"
"TCGA-61-1918-01A",3.85997211873566,3.75843533368986,3.56711564121217,3.49700767790352,"OV"
"TCGA-57-1993-01A",3.88430030280749,3.77105457100304,3.65467865249711,3.59136788543648,"OV"
"TCGA-29-1705-02A",3.94280015592078,3.75114924378955,3.70490197252336,3.52292652794032,"OV"
"TCGA-25-1313-01A",3.88998251103001,3.78106069512489,3.55825986188225,3.48407979728069,"OV"
"TCGA-VG-A8LO-01A",3.94046888340369,3.85937993008202,3.51856379935089,3.60562555525793,"OV"
"TCGA-24-2027-01A",3.89046946243426,3.79752576793264,3.64156967995632,3.67740244936956,"OV"
"TCGA-25-2400-01A",3.93524366435286,3.79256227739418,3.60328272148321,3.61366781070185,"OV"
"TCGA-24-1435-01A",3.92369554864347,3.74394894014182,3.60816534986003,3.63295888549072,"OV"
"TCGA-29-2427-01A",3.8044473341708,3.6988839267674,3.44736669704874,3.45479046642393,"OV"
"TCGA-04-1536-01A",3.84863793918292,3.70679185166256,3.40061363162636,3.53028222233951,"OV"
"TCGA-24-2019-01A",4.01769036927435,3.87899779646873,3.67048850447723,3.77337670527359,"OV"
"TCGA-29-1784-01A",3.93817777444445,3.80239487163644,3.56746455414398,3.61785216877961,"OV"
"TCGA-24-2036-01A",3.87330949717149,3.81342691701322,3.66287647690686,3.68161544180575,"OV"
"TCGA-24-1546-01A",3.95409517836619,3.7762206534452,3.7234853121431,3.49042315416332,"OV"
"TCGA-29-1705-01A",3.97884232889388,3.81777869214093,3.66514911990725,3.65202891688834,"OV"
"TCGA-04-1514-01A",3.90573761337238,3.75827671909682,3.612225962232,3.65068515573221,"OV"
"TCGA-59-A5PD-01A",3.95497004540187,3.84896010888157,3.63714712586847,3.73474300280295,"OV"
"TCGA-61-1736-01B",3.93146705718119,3.80521119668714,3.58747499230468,3.65596474780182,"OV"
"TCGA-31-1956-01A",3.88799687057633,3.71414301750117,3.55009400811454,3.571145884959,"OV"
"TCGA-09-2053-01C",3.90352405626604,3.7410676233414,3.49572216551335,3.54218998040756,"OV"
"TCGA-13-1510-01A",3.9744270089963,3.77203669792316,3.61453087688823,3.60305053211739,"OV"
"TCGA-24-0982-01A",3.82304750843924,3.70083297817533,3.40201797512383,3.46842609104693,"OV"
"TCGA-59-2348-01A",3.95317991951627,3.7973550304806,3.69711926290861,3.60120148273444,"OV"
"TCGA-24-1553-01A",3.90647781660429,3.77428522068888,3.48887811953914,3.49359459544783,"OV"
"TCGA-36-1580-01A",3.974408658632,3.76351031239731,3.65106268975839,3.51255051685431,"OV"
"TCGA-13-1495-01A",3.93866181094539,3.77633154885658,3.44368759230601,3.60502975326854,"OV"
"TCGA-24-1603-01A",3.99009890343677,3.85787000892489,3.6420463036935,3.69090469926554,"OV"
"TCGA-WR-A838-01A",3.91345409039457,3.76365881183149,3.6072196211824,3.63462273747427,"OV"
"TCGA-31-1953-01A",3.97318881415969,3.83425249042776,3.62073554812539,3.63419770212832,"OV"
"TCGA-OY-A56P-01A",3.96150496935601,3.79551491649965,3.64240563900736,3.63856671495837,"OV"
"TCGA-13-0766-01A",3.78744444157752,3.57733760075312,3.36914810615396,3.38687596698149,"OV"
"TCGA-24-0966-01A",3.91448406280835,3.80094500679248,3.40557070399543,3.50988742312671,"OV"
"TCGA-09-1673-01A",3.87560076222013,3.70620136223505,3.65701780642043,3.60775583244745,"OV"
"TCGA-61-1743-01A",3.96044369558929,3.83473231230046,3.63880917069081,3.63530224880346,"OV"
"TCGA-04-1350-01A",3.92926471711768,3.69236757946441,3.35487542747242,3.48057278700761,"OV"
"TCGA-13-0913-01A",3.95506334845989,3.88169205111565,3.51251265070661,3.65470819511367,"OV"
"TCGA-13-0913-02A",3.73097216825809,3.5391782963418,3.17669397617484,3.32029059806486,"OV"
"TCGA-24-2298-01A",4.0187066121129,3.86951453532951,3.60651208423086,3.59912652779286,"OV"
"TCGA-61-2008-01A",3.95133863048412,3.7588311755915,3.5942751984994,3.56994657643281,"OV"
"TCGA-29-1691-01A",3.89504673249087,3.83766790987617,3.76048201241635,3.72025676182213,"OV"
"TCGA-61-2098-01A",3.96964095855453,3.81332662947184,3.7197403351713,3.68179948122501,"OV"
"TCGA-04-1356-01A",3.91249560760704,3.77936143159819,3.48463504746371,3.61188893120166,"OV"
"TCGA-24-0975-01A",3.96682903265207,3.75699098451618,3.77864490186282,3.55109211208105,"OV"
"TCGA-61-2003-01A",3.9216316426727,3.77708587277304,3.61407588239874,3.5954379204668,"OV"
"TCGA-23-1107-01A",3.846404893772,3.64570200931544,3.44072959115968,3.43275483482216,"OV"
"TCGA-24-2026-01A",3.93621862864283,3.81335352469887,3.65088784528528,3.59610370871715,"OV"
"TCGA-25-2398-01A",3.87810985138532,3.6862925028945,3.52918056506411,3.50906940744495,"OV"
"TCGA-24-1844-01A",3.90661548079412,3.83952224715154,3.60581480220642,3.59902998435128,"OV"
"TCGA-23-1021-01B",3.84872049374494,3.69010566321677,3.28549136629602,3.36512935235137,"OV"
"TCGA-25-1315-01A",3.98058561228586,3.83168310552413,3.60909008215444,3.65873761917196,"OV"
"TCGA-09-1665-01B",3.89426488481833,3.78077849878865,3.50948834142805,3.5821387974395,"OV"
"TCGA-29-1693-01A",3.88537245618876,3.79088392896081,3.66795362010698,3.54626763107447,"OV"
"TCGA-61-2113-01A",3.97645499640716,3.79039069058949,3.67161459245995,3.63620604839937,"OV"
"TCGA-59-2355-01A",3.90065497260457,3.77138339024209,3.57645230628039,3.51852522330904,"OV"
"TCGA-30-1891-01A",3.95797350250408,3.69692388642833,3.5697426745332,3.54304409012191,"OV"
"TCGA-24-1551-01A",3.94849434812643,3.82072259495981,3.57352954902081,3.6289137986222,"OV"
"TCGA-10-0931-01A",4.0043391083935,3.82543661588907,3.55459788026417,3.59930856291235,"OV"
"TCGA-25-1625-01A",3.96328185952249,3.86671772770657,3.6643164655991,3.59615013562854,"OV"
"TCGA-30-1866-01A",3.79816962883449,3.69855441295737,3.41757010807851,3.47948312338486,"OV"
"TCGA-30-1855-01A",3.99625621332526,3.86409374399527,3.77252131484211,3.70064126932588,"OV"
"TCGA-24-1545-01A",3.93052765596287,3.84583230203024,3.71075587292529,3.58408307185287,"OV"
"TCGA-24-1474-01A",3.89216857656134,3.85035334420405,3.76862948479464,3.7448391491284,"OV"
"TCGA-13-0884-01B",3.8088518830818,3.66940195882853,3.36932580057663,3.4947055064926,"OV"
"TCGA-24-1417-01A",3.9157533373343,3.78130143836632,3.66799787521549,3.65590104817794,"OV"
"TCGA-13-1498-01A",3.9630250230667,3.75950005902282,3.54707981449825,3.6211494622868,"OV"
"TCGA-30-1857-01A",3.89787449378185,3.71692161177777,3.62415636101239,3.55982937810436,"OV"
"TCGA-13-0765-01A",4.04683431741295,3.84154737730926,3.53123044322739,3.5322350863393,"OV"
"TCGA-09-1667-01C",3.91711905322985,3.7538207466278,3.62585516346681,3.61234300925161,"OV"
"TCGA-29-1783-01A",3.90985714353191,3.77327599015255,3.58172650417374,3.5570804093907,"OV"
"TCGA-57-1582-01A",3.92378300244089,3.79624438966273,3.65992123151077,3.63425912991774,"OV"
"TCGA-36-1570-01A",3.90587188932713,3.88453324135804,3.62272370282253,3.68759357843649,"OV"
"TCGA-29-1763-01A",3.94567815880429,3.78241292103654,3.67267542175734,3.58402264816723,"OV"
"TCGA-23-1809-01A",3.98881411758769,3.83097442997652,3.63645464788111,3.72926261959727,"OV"
"TCGA-24-1842-01A",4.01233227437073,3.84770532986218,3.62018462388754,3.66324851154232,"OV"
"TCGA-25-1634-01A",3.84110645202673,3.74470492493881,3.43819121114051,3.51086858297159,"OV"
"TCGA-25-1312-01A",3.89986838140546,3.74971512185583,3.53557295274137,3.58324012388914,"OV"
"TCGA-24-1426-01A",3.93592980322916,3.77010329825113,3.46461935571422,3.58670711805575,"OV"
"TCGA-29-1711-01A",3.86375530599379,3.71018365303636,3.48459514450703,3.54296900302098,"OV"
"TCGA-24-1469-01A",3.92456947772016,3.79213991250947,3.66092702761289,3.63484137092168,"OV"
"TCGA-23-1022-01A",3.849311475427,3.73987263666823,3.40897130636202,3.50649654080627,"OV"
"TCGA-61-1914-01A",3.92293867279078,3.76281118687768,3.62215333508855,3.58410456180092,"OV"
"TCGA-25-2391-01A",4.01583761900407,3.83355566899855,3.56911777233191,3.71319734455509,"OV"
"TCGA-24-1424-01A",3.94947194476118,3.78537581808998,3.64383222472347,3.64120353369448,"OV"
"TCGA-24-1550-01A",3.94620523799982,3.78035092346368,3.66442322254268,3.66641749534665,"OV"
"TCGA-61-2000-01A",3.94300131368916,3.75639693517042,3.62929294982845,3.63943104970478,"OV"
"TCGA-61-2104-01A",3.87184617509995,3.76497935929911,3.55234526930179,3.56010992358234,"OV"
"TCGA-23-1122-01A",3.97364097425589,3.81576395087771,3.68888856304101,3.66146457618031,"OV"
"TCGA-24-1425-01A",3.8736119016628,3.75015148567374,3.75659748700796,3.58202052155804,"OV"
"TCGA-36-1575-01A",3.99342131051379,3.81193911631993,3.70698911680929,3.68167213692961,"OV"
"TCGA-57-1585-01A",3.98465680963133,3.81482659986139,3.80255149906324,3.66568006300856,"OV"
"TCGA-13-0899-01A",4.04293052996363,3.90676896436946,3.69345102812234,3.74641518855666,"OV"
"TCGA-29-1762-01A",3.96829456444885,3.86898691605327,3.67799048805231,3.75565252094674,"OV"
"TCGA-23-1123-01A",3.91225425684806,3.83901562119553,3.58056767694616,3.69931599729068,"OV"
"TCGA-04-1530-01A",3.86852105069979,3.66804455692512,3.48866796707585,3.50133892665708,"OV"
"TCGA-31-1944-01A",3.92698128392196,3.74247755314798,3.56909622748808,3.59293929953809,"OV"
"TCGA-30-1861-01A",3.93506213615157,3.79468300958071,3.56493932606167,3.61844737164279,"OV"
"TCGA-24-0970-01B",3.93371830458018,3.83593653435176,3.6132283046587,3.6482760171897,"OV"
"TCGA-20-1682-01A",3.90887109678195,3.69202238913735,3.60873029872995,3.55065273362031,"OV"
"TCGA-13-A5FT-01A",3.89254778635569,3.78865951498284,3.56234339078792,3.62676865023911,"OV"
"TCGA-23-1119-01A",3.79194840386214,3.65656396430703,3.33741707771644,3.41546837281277,"OV"
"TCGA-61-1907-01A",3.87413633277886,3.70668883405603,3.46996088044964,3.52310086253266,"OV"
"TCGA-25-1324-01A",3.91181471797142,3.816969414188,3.6407854956477,3.69955241880839,"OV"
"TCGA-25-1317-01A",3.97145131743737,3.75698568006555,3.58446761060353,3.55997142380491,"OV"
"TCGA-61-2097-01A",3.8514248685802,3.64513581618753,3.51718329873702,3.42045264252484,"OV"
"TCGA-25-1316-01A",3.90300792915436,3.74767965851886,3.58986105918606,3.65610409163644,"OV"
"TCGA-13-1492-01A",3.88984051298921,3.78020388919183,3.67379289672948,3.67829067867408,"OV"
"TCGA-24-1105-01A",3.9866154499775,3.85719331560668,3.65973353364615,3.63353815489066,"OV"
"TCGA-13-1509-01A",3.94202113426294,3.77239478732772,3.59061520445428,3.61006820237194,"OV"
"TCGA-20-0987-01A",3.87559565162577,3.67824475227925,3.33589930075972,3.38067393017506,"OV"
"TCGA-04-1362-01A",3.85906534727275,3.78706039698966,3.49447599421862,3.6479095820665,"OV"
"TCGA-24-2297-01A",3.96370852624893,3.84381316209323,3.64295475440314,3.64118582238143,"OV"
"TCGA-13-1483-01A",3.98830940947975,3.77423402093679,3.65882752976256,3.62045049388272,"OV"
"TCGA-23-1118-01A",3.89781575229773,3.7323198139455,3.52175796758708,3.59936770761484,"OV"
"TCGA-25-1877-01A",3.7768329543809,3.65575150987672,3.49249707127914,3.5363221043906,"OV"
"TCGA-04-1361-01A",3.89453902311259,3.77060123489738,3.5498088463589,3.64093886632836,"OV"
"TCGA-25-1632-01A",3.91427368052601,3.78739346772948,3.45689405884985,3.56028685638177,"OV"
"TCGA-25-2404-01A",3.98435510549631,3.81234654000786,3.63812856121493,3.60653470480783,"OV"
"TCGA-25-1323-01A",3.90176978170173,3.75083677809317,3.5443243460437,3.56985887669494,"OV"
"TCGA-13-0886-01A",3.85019912800499,3.73308364942046,3.61195565459747,3.52814370349474,"OV"
"TCGA-24-2262-01A",3.96507837137616,3.668716583569,3.54384318024901,3.54471557021898,"OV"
"TCGA-36-1568-01A",3.89990824061495,3.77824638128225,3.58588138875098,3.53830779881768,"OV"
"TCGA-20-1685-01A",3.97502230966015,3.89211510951796,3.70799618142989,3.70214513629625,"OV"
"TCGA-61-1738-01A",3.90558395925878,3.78914111629498,3.51911478699017,3.52600794394619,"OV"
"TCGA-25-1623-01A",3.94194992526038,3.76447595821757,3.76162028742174,3.59178352790018,"OV"
"TCGA-13-0890-01A",3.99795234730901,3.86869400084926,3.7680942719141,3.69843770518619,"OV"
